edgeid,startx,starty,stopx,stopy,length,speedlimit
1,0,0,0,2,2,20
2,0,2,0,3,1,15
3,0,3,3,3,3,20
4,3,3,3,0,3,25
5,3,0,1,0,2,25
6,1,0,5,0,4,40
7,5,0,1,0,4,40
8,1,0,-5,0,6,75
9,-5,0,-5,5,5,45
10,-5,5,0,0,7.07106781,75
11,0,0,2,2,2.82842713,25
12,2,2,4,4,2.82842713,25
13,4,4,1,2,3.60555128,35
14,1,2,-1,2,2,20
15,-1,2,0,0,2.23606798,20